Date,Name,Year,Letterboxd URI
2020-10-03,Mad Max: Fury Road,2015,https://boxd.it/2DjO
2020-10-03,Forrest Gump,1994,https://boxd.it/728
2020-10-03,Reservoir Dogs,1992,https://boxd.it/2agc
2020-10-03,WALL·E,2008,https://boxd.it/1VEo
2020-10-03,A Clockwork Orange,1971,https://boxd.it/2aVE
2020-10-03,"Monsters, Inc.",2001,https://boxd.it/2a46
2020-10-03,This Is the End,2013,https://boxd.it/3GB4
2020-10-03,Mommy,2014,https://boxd.it/7Uau
2020-10-03,Amadeus,1984,https://boxd.it/2aH8
2020-10-03,Big Daddy,1999,https://boxd.it/1ZkW
2020-10-03,The Fisher King,1991,https://boxd.it/2aWM
2020-10-05,Good Will Hunting,1997,https://boxd.it/2ahY
2020-10-15,Bridge to Terabithia,2007,https://boxd.it/28YG
2020-12-08,Warm Bodies,2013,https://boxd.it/2TFm
2020-12-08,Lemonade Mouth,2011,https://boxd.it/4bG
2020-12-17,Starstruck,2010,https://boxd.it/1cjq
2020-12-19,The Favourite,2018,https://boxd.it/d2hI
2020-12-26,About Time,2013,https://boxd.it/43bI
2021-03-18,My Life as a Zucchini,2016,https://boxd.it/dL2y
2021-05-18,Il Posto,1961,https://boxd.it/1iqC
2021-08-16,Hair,1979,https://boxd.it/1VIA
2021-08-24,Tangerine,2015,https://boxd.it/9QRe
2021-10-28,Howl's Moving Castle,2004,https://boxd.it/23De
2021-11-26,Shiva Baby,2020,https://boxd.it/oIv0
2022-01-02,Bad Luck Banging or Loony Porn,2021,https://boxd.it/tJOM
2023-08-20,Tenacious D in The Pick of Destiny,2006,https://boxd.it/27go
2023-08-20,Singles,1992,https://boxd.it/1UIu
2023-08-22,Nacho Libre,2006,https://boxd.it/1YTG
2023-08-24,Biography: The Nine Lives of Ozzy Osbourne,2020,https://boxd.it/pg6o
