Date,Content
2020-10-27,https://boxd.it/fOPQ3
2020-11-17,https://boxd.it/anhLp
2020-11-17,https://boxd.it/j4vb
2020-11-17,https://boxd.it/1bxT8R
2020-12-16,https://boxd.it/VVGE5
2020-12-19,https://boxd.it/8kwnN
2021-07-10,https://boxd.it/1W5xCd
2021-08-12,https://boxd.it/1flqjX
2021-08-12,https://boxd.it/1uhxEb
2022-03-08,https://boxd.it/MLzah
2022-10-27,https://boxd.it/3lMZGV
2022-10-27,https://boxd.it/3mduwz
2022-11-28,https://boxd.it/3q1otB
2022-12-24,https://boxd.it/3zmeKF
2023-01-18,https://boxd.it/3zNofB
2023-01-18,https://boxd.it/XVp8z
2023-01-27,https://boxd.it/3xW4Kf
2023-02-28,https://boxd.it/1FMF71
2023-07-25,https://boxd.it/4wfV6F
2023-08-09,https://boxd.it/4F5jBr
2023-11-26,https://boxd.it/2sDW2P
