Date,Name,Year,Letterboxd URI,Rating,Rewatch,Tags,Watched Date
2021-04-05,At Eternity's Gate,2018,https://boxd.it/1LU9jp,,,,2019-12-12
2021-04-05,Hair,1979,https://boxd.it/1LUaQf,,,,2019-12-27
2021-04-05,The Dreamers,2003,https://boxd.it/1LUb63,,,,2019-12-29
2021-04-05,Irreversible,2002,https://boxd.it/1LUbkJ,,,,2019-12-30
2021-04-05,A Streetcar Named Desire,1951,https://boxd.it/1LUc2L,,,,2019-12-31
2021-04-05,Zodiac,2007,https://boxd.it/1LUcgD,,,,2020-01-04
2021-04-05,Passengers,2016,https://boxd.it/1LUcMJ,,,,2020-01-23
2021-04-05,Mad Max: Fury Road,2015,https://boxd.it/1LUd4N,5,,,2020-01-28
2021-04-05,The Lord of the Rings: The Fellowship of the Ring,2001,https://boxd.it/1LUebZ,,Yes,,2020-02-02
2021-04-05,The Lord of the Rings: The Return of the King,2003,https://boxd.it/1LUeZF,,Yes,,2020-02-04
2021-04-05,Jim & Andy: The Great Beyond,2017,https://boxd.it/1LUfhf,,,,2020-02-04
2021-04-05,Yes Man,2008,https://boxd.it/1LUfCR,,Yes,,2020-02-04
2021-04-05,Everybody’s Everything,2019,https://boxd.it/1LUgq3,,,,2020-03-08
2021-04-05,Why Him?,2016,https://boxd.it/1LUgBb,,,,2020-03-15
2021-04-05,The Favourite,2018,https://boxd.it/1LUh4H,5,,,2020-03-29
2021-04-05,"Crazy, Stupid, Love.",2011,https://boxd.it/1LUhhr,,,,2020-04-03
2021-04-05,Spider-Man 3,2007,https://boxd.it/1LUhxz,,Yes,,2020-04-16
2021-04-05,The Queen,2006,https://boxd.it/1LUi57,,,,2020-04-16
2021-04-05,Scott Pilgrim vs. the World,2010,https://boxd.it/1LUioj,,,,2020-04-18
2021-04-05,Climax,2018,https://boxd.it/1LUiJV,,,,2020-04-23
2021-04-05,Hannibal,2001,https://boxd.it/1LUktb,,,,2020-05-17
2021-04-05,No Escape,2015,https://boxd.it/1LUkXv,,,,2020-05-29
2021-04-05,The Godfather,1972,https://boxd.it/1LUle7,,,,2020-06-12
2021-04-05,Madagascar,2005,https://boxd.it/1LUlyB,,Yes,,2020-06-16
2021-04-05,Madagascar: Escape 2 Africa,2008,https://boxd.it/1LUlLv,,Yes,,2020-06-17
2021-04-05,Madagascar 3: Europe's Most Wanted,2012,https://boxd.it/1LUm0P,,Yes,,2020-06-23
2021-04-05,Marie Antoinette,2006,https://boxd.it/1LUmg9,,,,2020-07-01
2021-04-05,Ice Age: The Meltdown,2006,https://boxd.it/1LUn3b,,Yes,,2020-07-05
2021-04-05,Ice Age,2002,https://boxd.it/1LUmGh,,Yes,,2020-07-11
2021-04-05,Ice Age: Dawn of the Dinosaurs,2009,https://boxd.it/1LUnkL,,Yes,,2020-07-12
2021-04-05,Ice Age: Continental Drift,2012,https://boxd.it/1LUnur,,Yes,,2020-07-12
2021-04-05,Ice Age: Collision Course,2016,https://boxd.it/1LUnLR,,Yes,,2020-07-12
2021-04-05,The Fundamentals of Caring,2016,https://boxd.it/1LUobv,,,,2020-08-16
2021-04-05,Testament of Youth,2014,https://boxd.it/1LUoyJ,,,,2020-09-04
2021-04-05,A Clockwork Orange,1971,https://boxd.it/1LUoRr,5,,,2020-09-14
2021-04-05,30 Minutes or Less,2011,https://boxd.it/1LUp6r,,,,2020-09-17
2021-04-05,Stranger by the Lake,2013,https://boxd.it/1LUpHx,,,,2020-09-19
2020-10-03,Love,2015,https://boxd.it/1nQz8N,,,,2020-10-02
2020-10-04,50 First Dates,2004,https://boxd.it/1nYtw1,,,,2020-10-03
2020-10-10,A Nightmare on Elm Street,2010,https://boxd.it/1oBEdH,,,,2020-10-09
2020-10-15,Superbad,2007,https://boxd.it/1pbasp,,,,2020-10-14
2020-10-26,The Purge: Anarchy,2014,https://boxd.it/1qqGmn,1,,,2020-10-23
2020-10-28,In the Line of Fire,1993,https://boxd.it/1qDxeF,,,,2020-10-27
2020-10-29,Neighbors,2014,https://boxd.it/1qJfZl,,Yes,,2020-10-28
2020-11-05,La La Land,2016,https://boxd.it/1rATMx,,,,2020-11-05
2020-11-06,Honey,2010,https://boxd.it/1rBr29,,,,2020-11-05
2020-11-17,The Notebook,2004,https://boxd.it/1sJgTB,,,,2020-11-16
2020-11-17,Dirty Dancing,1987,https://boxd.it/1sL6en,,,,2020-11-16
2020-11-27,Everything's Gonna Be Great,1998,https://boxd.it/1tLEkt,,,,2020-11-26
2020-12-06,The Prestige,2006,https://boxd.it/1uKl6T,,,,2020-12-04
2020-12-06,John Wick: Chapter 3 – Parabellum,2019,https://boxd.it/1uOAcb,,,,2020-12-05
2020-12-12,The Social Network,2010,https://boxd.it/1vsdZp,,,,2020-12-11
2020-12-17,The Bitter Tears of Petra von Kant,1972,https://boxd.it/1vYEYd,3.5,,,2020-12-16
2020-12-19,Carol,2015,https://boxd.it/1wfOTh,1.5,,,2020-12-18
2020-12-20,The Mule,2018,https://boxd.it/1wnP09,,,,2020-12-19
2020-12-21,"Monsters, Inc.",2001,https://boxd.it/1wxyIj,5,Yes,,2020-12-20
2020-12-21,Monsters University,2013,https://boxd.it/1wxyTB,,Yes,,2020-12-20
2020-12-21,Coco,2017,https://boxd.it/1wy7Wv,5,,,2020-12-20
2020-12-21,Toy Story,1995,https://boxd.it/1wyxL9,,Yes,,2020-12-20
2020-12-22,Inside Out,2015,https://boxd.it/1wDbsz,5,,,2020-12-21
2020-12-22,Portrait of a Lady on Fire,2019,https://boxd.it/1wEb11,5,,,2020-12-21
2020-12-22,Toy Story 2,1999,https://boxd.it/1wFJJt,,,,2020-12-21
2020-12-22,Toy Story 3,2010,https://boxd.it/1wGaif,,,,2020-12-21
2020-12-26,About Time,2013,https://boxd.it/1xdGCR,,,,2020-12-25
2021-01-09,Stuck Apart,2021,https://boxd.it/1zDjPN,,,,2021-01-08
2021-01-10,The Interpreter,2005,https://boxd.it/1zJFRX,,,,2021-01-09
2021-01-17,The Lord of the Rings: The Fellowship of the Ring,2001,https://boxd.it/1AUYDL,,Yes,,2021-01-16
2021-01-28,Soul,2020,https://boxd.it/1CxABD,,,,2021-01-27
2021-01-30,"Roman J. Israel, Esq.",2017,https://boxd.it/1CLMbZ,,,,2021-01-29
2021-02-27,Water Lilies,2007,https://boxd.it/1GKmkl,,,,2021-02-26
2021-02-27,Frances Ha,2012,https://boxd.it/1GM3rV,,,,2021-02-26
2021-02-28,Coraline,2009,https://boxd.it/1GSWBX,,,,2021-02-27
2021-03-02,Caché,2005,https://boxd.it/1Hf0hr,,,,2021-03-01
2021-03-04,That Sugar Film,2014,https://boxd.it/1HpNRt,,,,2021-03-03
2021-03-04,Spirited Away,2001,https://boxd.it/1HqXWP,,,,2021-03-03
2021-03-16,A Coffee in Berlin,2012,https://boxd.it/1J2zPl,,,,2021-03-15
2021-03-18,Krisha,2015,https://boxd.it/1JgSLP,,,,2021-03-17
2021-03-18,My Life as a Zucchini,2016,https://boxd.it/1JilEP,5,,,2021-03-17
2021-04-05,Nomadland,2020,https://boxd.it/1LVzNH,5,,,2021-04-04
2021-04-07,BoJack Horseman Christmas Special,2014,https://boxd.it/1M7XIb,,,,2021-04-06
2021-04-09,Seaspiracy,2021,https://boxd.it/1MuyOp,,,,2021-04-09
2021-04-27,Shrek,2001,https://boxd.it/1P4df9,,Yes,,2021-04-23
2021-05-02,Ethos,2020,https://boxd.it/1PGXip,,,,2021-04-30
2021-05-18,Il Posto,1961,https://boxd.it/1RZSXX,,,,2021-05-18
2021-05-29,Friends: The Reunion,2021,https://boxd.it/1TifSL,,,,2021-05-27
2021-06-30,Ratatouille,2007,https://boxd.it/1XA6ad,,,,2021-06-30
2021-07-10,I'm Thinking of Ending Things,2020,https://boxd.it/1Z0DC1,,,,2021-07-09
2021-07-10,Luca,2021,https://boxd.it/1Z149l,,,,2021-07-10
2021-07-11,Last Summer,2021,https://boxd.it/1Z3Wnv,,,,2021-07-10
2021-07-12,Parasite,2019,https://boxd.it/1ZiGAN,,,,2021-07-11
2021-07-15,Hannah Gadsby: Nanette,2018,https://boxd.it/1ZJ03B,5,,,2021-07-14
2021-07-20,Looking for Alaska,2019,https://boxd.it/20xRFX,,,,2021-07-19
2021-07-28,Star Wars,1977,https://boxd.it/21DYSv,,,,2021-07-26
2021-07-29,Joker,2019,https://boxd.it/21P0O3,,,,2021-07-28
2021-08-05,Eternal Sunshine of the Spotless Mind,2004,https://boxd.it/22PxwP,3.5,,,2021-08-03
2021-08-11,Zootopia,2016,https://boxd.it/23NvAl,,,,2021-08-11
2021-08-12,Summer of 85,2020,https://boxd.it/23PGtp,2.5,,,2021-08-11
2021-08-15,Anomalisa,2015,https://boxd.it/24hzqT,,,,2021-08-14
2021-08-16,Heartbeats,2010,https://boxd.it/24nIPP,,,,2021-08-15
2021-08-16,Brokeback Mountain,2005,https://boxd.it/24pwrZ,3,,,2021-08-15
2021-08-23,"Love, Spells and All That",2019,https://boxd.it/25tjvL,,,,2021-08-22
2021-08-24,Tangerine,2015,https://boxd.it/25BKYV,,,,2021-08-23
2021-08-28,Ready or Not,2019,https://boxd.it/267DCH,,,,2021-08-27
2021-08-28,Orphan,2009,https://boxd.it/269oD5,,,,2021-08-27
2021-09-18,The Father,2020,https://boxd.it/291elr,4,,,2021-09-17
2021-09-18,Avatar,2009,https://boxd.it/293BZt,,Yes,,2021-09-17
2021-09-26,Intrusion,2021,https://boxd.it/2a5jFD,,,,2021-09-25
2021-10-10,Portrait of a Lady on Fire,2019,https://boxd.it/2c6O0h,5,Yes,,2021-10-08
2021-10-11,Kill Bill: Vol. 1,2003,https://boxd.it/2cev9b,,,,2021-10-10
2021-10-27,Howl's Moving Castle,2004,https://boxd.it/2eLrvh,5,,,2021-10-26
2021-10-28,Night Teeth,2021,https://boxd.it/2eXdft,,,,2021-10-27
2021-10-29,Friday the 13th,2009,https://boxd.it/2f3Wcr,,,,2021-10-28
2021-10-30,What Happened to Monday,2017,https://boxd.it/2ffmiR,,,,2021-10-29
2021-11-04,I Lost My Body,2019,https://boxd.it/2g6r9r,,,,2021-11-02
2021-11-09,Thelma & Louise,1991,https://boxd.it/2gTmRL,,,,2021-11-07
2021-11-18,Cléo from 5 to 7,1962,https://boxd.it/2iiApP,4,,,2021-11-17
2021-11-19,All Too Well: The Short Film,2021,https://boxd.it/2irnjn,,,,2021-11-18
2021-11-19,There Will Come Soft Rains,1984,https://boxd.it/2ivMq7,,,,2021-11-19
2021-11-21,Edward Scissorhands,1990,https://boxd.it/2iK7zn,,,,2021-11-20
2021-11-26,Shiva Baby,2020,https://boxd.it/2jshSR,,,,2021-11-25
2021-11-27,Titane,2021,https://boxd.it/2jFTU3,,,,2021-11-26
2021-11-28,Chungking Express,1994,https://boxd.it/2jMOwT,,,,2021-11-27
2021-12-04,Misery,1990,https://boxd.it/2kHfpx,,,,2021-12-03
2022-01-02,Cem Yılmaz: Diamond Elite Platinum Plus,2021,https://boxd.it/2qfpsT,,,,2021-12-31
2022-01-02,Bad Luck Banging or Loony Porn,2021,https://boxd.it/2qnxJT,,,,2022-01-01
2022-01-03,Annette,2021,https://boxd.it/2qEXxN,5,,,2022-01-01
2022-01-09,Another Round,2020,https://boxd.it/2sdbwB,4.5,,,2022-01-07
2022-01-10,The Double Life of Véronique,1991,https://boxd.it/2syXZN,3.5,,,2022-01-09
2022-01-15,Bo Burnham: Inside,2021,https://boxd.it/2tNqjX,,,,2022-01-14
2022-03-08,The Handmaiden,2016,https://boxd.it/2DSq9D,,,,2022-01-15
2022-01-17,The Lobster,2015,https://boxd.it/2uokj7,,,,2022-01-16
2022-01-21,Trainspotting,1996,https://boxd.it/2vePup,4,,,2022-01-20
2022-02-05,Drive My Car,2021,https://boxd.it/2yadGL,,,,2022-02-04
2022-03-06,The Worst Person in the World,2021,https://boxd.it/2Dsovb,,,,2022-02-09
2022-03-05,The Batman,2022,https://boxd.it/2DgdnB,,,,2022-03-04
2022-03-08,Call Me by Your Name,2017,https://boxd.it/2DSnmf,,Yes,,2022-03-07
2022-03-08,Her,2013,https://boxd.it/2DV67X,2,,,2022-03-07
2022-03-27,Before Sunrise,1995,https://boxd.it/2Hpobb,2,,,2022-03-13
2022-03-27,The Florida Project,2017,https://boxd.it/2HqE5P,3.5,,,2022-03-26
2022-03-28,Little Miss Sunshine,2006,https://boxd.it/2HGM3f,4,,,2022-03-27
2022-04-30,The Lovers on the Bridge,1991,https://boxd.it/2NArUT,5,,,2022-04-30
2022-05-23,Marriage Story,2019,https://boxd.it/2REx6J,,,,2022-05-22
2022-05-24,Petite Maman,2021,https://boxd.it/2RQ7s9,3,,,2022-05-23
2022-05-27,Everything Everywhere All at Once,2022,https://boxd.it/2SmyWf,,,,2022-05-26
2022-07-16,Manchester by the Sea,2016,https://boxd.it/31Dbgv,,,,2022-07-15
2022-08-09,Rain Man,1988,https://boxd.it/36ZO3f,5,,,2022-08-08
2022-09-21,Fight Club,1999,https://boxd.it/3feA3n,,,,2022-09-20
2022-09-25,Knives Out,2019,https://boxd.it/3fWr1Z,5,,,2022-09-24
2022-09-30,The Silencing,2020,https://boxd.it/3gV5PP,,,,2022-09-27
2022-09-30,Lou,2022,https://boxd.it/3gV5yT,,,,2022-09-28
2022-10-16,Twilight,2008,https://boxd.it/3kpbdf,,Yes,,2022-10-15
2022-10-23,Cowspiracy: The Sustainability Secret,2014,https://boxd.it/3lKN2l,,,,2022-10-22
2022-10-26,What the Health,2017,https://boxd.it/3mtASN,,,,2022-10-25
2022-10-30,When Marnie Was There,2014,https://boxd.it/3nnQOf,,,,2022-10-29
2022-11-06,Avatar,2009,https://boxd.it/3oW7lV,,Yes,,2022-11-05
2022-11-27,Selena Gomez: My Mind & Me,2022,https://boxd.it/3tg8UX,,,,2022-11-26
2022-12-18,Avatar: The Way of Water,2022,https://boxd.it/3xLtVv,2.5,,,2022-12-17
2023-01-18,"The Boy, the Mole, the Fox and the Horse",2022,https://boxd.it/3IN7ch,,,,2023-01-17
2023-01-18,Little Women,2019,https://boxd.it/3IRznZ,4,,,2023-01-17
2023-01-20,Shimmer Lake,2017,https://boxd.it/3Jqhnn,,,,2023-01-19
2023-01-21,On the Line,2022,https://boxd.it/3JGnQ3,,,,2023-01-20
2023-01-26,The Banshees of Inisherin,2022,https://boxd.it/3LmgE3,4.5,,,2023-01-25
2023-01-27,Guillermo del Toro's Pinocchio,2022,https://boxd.it/3LHutP,,,,2023-01-26
2023-01-29,Sharp Objects,2018,https://boxd.it/3MlKKx,2.5,,,2023-01-28
2023-01-30,Hamilton,2020,https://boxd.it/3MJodp,,,,2023-01-29
2023-02-01,Velvet Buzzsaw,2019,https://boxd.it/3NexwR,,,,2023-01-31
2023-02-01,Lost in Translation,2003,https://boxd.it/3NkoNV,3,,,2023-01-31
2023-02-06,Y Tu Mamá También,2001,https://boxd.it/3OQtWV,,,,2023-02-05
2023-02-11,Notting Hill,1999,https://boxd.it/3Q9sEj,,,,2023-02-10
2023-02-13,Ocean's Eight,2018,https://boxd.it/3QEiTl,,,,2023-02-12
2023-02-20,Taylor Tomlinson: Quarter-Life Crisis,2020,https://boxd.it/3SA52j,,,,2023-02-17
2023-02-21,Adaptation.,2002,https://boxd.it/3SSExd,3,,,2023-02-20
2023-02-25,Get Out,2017,https://boxd.it/3TZ5mH,3,,,2023-02-23
2023-02-26,"The Good, the Bad and the Ugly",1966,https://boxd.it/3Uiw7x,5,,,2023-02-25
2023-02-28,Mulholland Drive,2001,https://boxd.it/3V0yTB,4,,,2023-02-27
2023-03-14,Bones and All,2022,https://boxd.it/3YO1dT,3,,,2023-03-13
2023-04-15,The Half of It,2020,https://boxd.it/47wqEl,,,,2023-04-14
2023-04-15,Sick of Myself,2022,https://boxd.it/47yavV,,,,2023-04-14
2023-05-08,Groundhog Day,1993,https://boxd.it/4dHOqj,,,,2023-05-07
2023-06-06,The Neighbors' Window,2019,https://boxd.it/4l3asr,,,,2023-06-05
2023-06-18,There Will Be Blood,2007,https://boxd.it/4oeptj,5,,,2023-06-17
2023-06-22,Quicksand,2019,https://boxd.it/4pogAJ,,,,2023-06-21
2023-07-25,Barbie,2023,https://boxd.it/4A04VV,2,,,2023-07-24
2023-08-13,Fist of Fury,1972,https://boxd.it/4Gz4XV,5,,,2023-08-11
2023-08-20,Singles,1992,https://boxd.it/4IXDk1,5,,,2023-08-15
2023-08-20,Tenacious D in The Pick of Destiny,2006,https://boxd.it/4IXyNn,5,,,2023-08-18
2023-08-22,Nacho Libre,2006,https://boxd.it/4JEGeB,5,,,2023-08-19
2023-08-24,Biography: The Nine Lives of Ozzy Osbourne,2020,https://boxd.it/4KiyCb,5,,,2023-08-24
2023-09-22,Army of Darkness,1992,https://boxd.it/4SuG1D,,,,2023-09-20
2023-11-11,Daniel Sloss: Live Shows,2018,https://boxd.it/58ONwn,,,,2023-11-10
2023-11-14,Love Actually,2003,https://boxd.it/59UisZ,,,,2023-11-13
2023-11-19,Fargo,1996,https://boxd.it/5bq55h,,,,2023-11-18
2023-11-26,Destiny,2006,https://boxd.it/5dIUh3,,,,2023-11-25
2023-12-06,Amélie,2001,https://boxd.it/5hesV1,,,,2023-12-05
2023-12-07,Transamerica,2005,https://boxd.it/5hwFIZ,,,,2023-12-06
2024-01-04,The Piano Teacher,2001,https://boxd.it/5ukibh,5,,,2024-01-03
2024-01-12,Normal People,2020,https://boxd.it/5zfUND,,,,2024-01-11
