Date,Name,Year,Letterboxd URI,Rating
2020-10-03,Mad Max: Fury Road,2015,https://boxd.it/2DjO,5
2020-10-03,Forrest Gump,1994,https://boxd.it/728,5
2020-10-03,Amadeus,1984,https://boxd.it/2aH8,5
2020-10-04,Love,2015,https://boxd.it/9brE,3
2020-10-26,The Purge: Anarchy,2014,https://boxd.it/71zk,1
2020-11-06,Mommy,2014,https://boxd.it/7Uau,5
2020-11-06,A Clockwork Orange,1971,https://boxd.it/2aVE,5
2020-12-08,The Last Thing He Wanted,2020,https://boxd.it/ig5G,0.5
2020-12-08,This Is the End,2013,https://boxd.it/3GB4,5
2020-12-19,Carol,2015,https://boxd.it/7DPK,1.5
2020-12-19,The Favourite,2018,https://boxd.it/d2hI,5
2020-12-21,Coco,2017,https://boxd.it/bYJQ,5
2020-12-22,Inside Out,2015,https://boxd.it/4KHC,5
2020-12-22,"Monsters, Inc.",2001,https://boxd.it/2a46,5
2021-03-18,My Life as a Zucchini,2016,https://boxd.it/dL2y,5
2021-04-05,Nomadland,2020,https://boxd.it/lnRy,5
2021-07-15,Hannah Gadsby: Nanette,2018,https://boxd.it/jfyE,5
2021-08-16,Reservoir Dogs,1992,https://boxd.it/2agc,5
2021-08-16,The Bitter Tears of Petra von Kant,1972,https://boxd.it/1WzE,3.5
2021-08-23,Brokeback Mountain,2005,https://boxd.it/2b2q,3
2021-08-24,Eternal Sunshine of the Spotless Mind,2004,https://boxd.it/6YK,4
2021-10-03,The Father,2020,https://boxd.it/m8Ie,4
2021-10-27,Howl's Moving Castle,2004,https://boxd.it/23De,5
2021-10-28,Summer of 85,2020,https://boxd.it/oxQ2,2.5
2021-10-30,Bridge to Terabithia,2007,https://boxd.it/28YG,5
2021-11-18,Cléo from 5 to 7,1962,https://boxd.it/2agm,4
2022-01-10,The Double Life of Véronique,1991,https://boxd.it/28va,3.5
2022-03-08,Her,2013,https://boxd.it/4O24,2
2022-03-27,Before Sunrise,1995,https://boxd.it/2bcU,2
2022-03-28,Little Miss Sunshine,2006,https://boxd.it/29EW,4
2022-06-01,Petite Maman,2021,https://boxd.it/s6je,3
2022-08-09,Rain Man,1988,https://boxd.it/2avw,5
2022-09-25,Knives Out,2019,https://boxd.it/jWEA,5
2022-10-30,The Lovers on the Bridge,1991,https://boxd.it/26li,5
2022-11-28,The Florida Project,2017,https://boxd.it/dMG0,3.5
2022-11-28,Annette,2021,https://boxd.it/f0RS,5
2022-12-22,Avatar: The Way of Water,2022,https://boxd.it/2E2E,2.5
2023-01-18,Little Women,2019,https://boxd.it/aSVk,4
2023-01-29,Sharp Objects,2018,https://boxd.it/j3NM,2.5
2023-01-30,Trainspotting,1996,https://boxd.it/29XY,4
2023-01-30,Portrait of a Lady on Fire,2019,https://boxd.it/jkPq,5
2023-01-30,Another Round,2020,https://boxd.it/lkba,4.5
2023-01-30,The Banshees of Inisherin,2022,https://boxd.it/p7XS,4.5
2023-02-01,Lost in Translation,2003,https://boxd.it/2b0E,3
2023-02-21,Adaptation.,2002,https://boxd.it/26mA,3
2023-02-26,"The Good, the Bad and the Ugly",1966,https://boxd.it/2ape,5
2023-02-28,Mulholland Drive,2001,https://boxd.it/297o,4
2023-03-14,Bones and All,2022,https://boxd.it/tLd4,3
2023-04-15,Get Out,2017,https://boxd.it/eOCm,3
2023-06-18,There Will Be Blood,2007,https://boxd.it/20Z2,5
2023-07-27,Barbie,2023,https://boxd.it/bCLK,2
2023-08-13,Fist of Fury,1972,https://boxd.it/1TaG,5
2023-08-20,Tenacious D in The Pick of Destiny,2006,https://boxd.it/27go,5
2023-08-20,Singles,1992,https://boxd.it/1UIu,5
2023-08-22,Nacho Libre,2006,https://boxd.it/1YTG,5
2023-08-24,Biography: The Nine Lives of Ozzy Osbourne,2020,https://boxd.it/pg6o,5
2024-01-04,The Piano Teacher,2001,https://boxd.it/2886,5
