Date,Name,Year,Letterboxd URI,Rating,Rewatch,Review,Tags,Watched Date
2022-01-03,Annette,2021,https://boxd.it/2qEXxN,5,,another level of filming yani,,2022-01-01
2022-04-30,The Lovers on the Bridge,1991,https://boxd.it/2NArUT,5,,French people are French people as usual,,2022-04-30
2022-08-09,Rain Man,1988,https://boxd.it/36ZO3f,5,,Ops... fart :|,,2022-08-08
2022-10-30,When Marnie Was There,2014,https://boxd.it/3nnQOf,,,weirdest twist ever i guess,,2022-10-29
2023-01-26,The Banshees of Inisherin,2022,https://boxd.it/3LmgE3,4.5,,men are weird,,2023-01-25
2023-01-27,Guillermo del Toro's Pinocchio,2022,https://boxd.it/3LHutP,,,weird and creepy,,2023-01-26
2023-02-13,Ocean's Eight,2018,https://boxd.it/3QEiTl,,,fuck marry kill,,2023-02-12
2023-02-20,Taylor Tomlinson: Quarter-Life Crisis,2020,https://boxd.it/3SA52j,,,quarter life crisis while eating french fries with mcflurry,,2023-02-17
2023-03-14,Bones and All,2022,https://boxd.it/3YO1dT,3,,I love Timothée,,2023-03-13
2023-07-25,Barbie,2023,https://boxd.it/4A04VV,2,,feminism for dummies,,2023-07-24
2023-08-13,Fist of Fury,1972,https://boxd.it/4Gz4XV,5,,a nice memory from seattle’s smallest and weirdest movie theater,,2023-08-11
2023-08-20,Tenacious D in The Pick of Destiny,2006,https://boxd.it/4IXyNn,5,,it was amaziiiiiing,,2023-08-18
2023-11-14,Love Actually,2003,https://boxd.it/59UisZ,,,I only need romantic comedies at this point,,2023-11-13
2024-01-04,The Piano Teacher,2001,https://boxd.it/5ukibh,5,,these are different type of five stars,,2024-01-03
