Date,Name,Year,Letterboxd URI
2020-10-03,Pulp Fiction,1994,https://boxd.it/29Pq
2020-10-03,Inception,2010,https://boxd.it/1skk
2020-10-03,Baby Driver,2017,https://boxd.it/bhF2
2020-10-03,Interstellar,2014,https://boxd.it/4VZ8
2020-10-03,The Grand Budapest Hotel,2014,https://boxd.it/3ZqO
2020-10-03,Mad Max: Fury Road,2015,https://boxd.it/2DjO
2020-10-03,The Shining,1980,https://boxd.it/29Nu
2020-10-03,Gone Girl,2014,https://boxd.it/6hQu
2020-10-03,Call Me by Your Name,2017,https://boxd.it/dYmm
2020-10-03,Dunkirk,2017,https://boxd.it/d0Y6
2020-10-03,The Godfather,1972,https://boxd.it/2aNK
2020-10-03,Forrest Gump,1994,https://boxd.it/728
2020-10-03,Ex Machina,2015,https://boxd.it/7T2k
2020-10-03,The Matrix,1999,https://boxd.it/2a1m
2020-10-03,The Avengers,2012,https://boxd.it/1xFW
2020-10-03,Scott Pilgrim vs. the World,2010,https://boxd.it/1Aq6
2020-10-03,The Favourite,2018,https://boxd.it/d2hI
2020-10-03,It,2017,https://boxd.it/bC8e
2020-10-03,The Lord of the Rings: The Fellowship of the Ring,2001,https://boxd.it/2b5O
2020-10-03,The Shawshank Redemption,1994,https://boxd.it/2aHi
2020-10-03,Back to the Future,1985,https://boxd.it/2b8e
2020-10-03,The Martian,2015,https://boxd.it/8SeG
2020-10-03,The Revenant,2015,https://boxd.it/8H5e
2020-10-03,Reservoir Dogs,1992,https://boxd.it/2agc
2020-10-03,Doctor Strange,2016,https://boxd.it/8MH8
2020-10-03,Zodiac,2007,https://boxd.it/27MO
2020-10-03,WALL·E,2008,https://boxd.it/1VEo
2020-10-03,Up,2009,https://boxd.it/1OEc
2020-10-03,Toy Story,1995,https://boxd.it/29qA
2020-10-03,A Clockwork Orange,1971,https://boxd.it/2aVE
2020-10-03,Iron Man,2008,https://boxd.it/28dA
2020-10-03,The Lord of the Rings: The Return of the King,2003,https://boxd.it/2b5u
2020-10-03,The Breakfast Club,1985,https://boxd.it/27q4
2020-10-03,The Lord of the Rings: The Two Towers,2002,https://boxd.it/2b5E
2020-10-03,Titanic,1997,https://boxd.it/2a2k
2020-10-03,Finding Nemo,2003,https://boxd.it/72i
2020-10-03,Harry Potter and the Prisoner of Azkaban,2004,https://boxd.it/29Qy
2020-10-03,Gravity,2013,https://boxd.it/GZY
2020-10-03,Good Will Hunting,1997,https://boxd.it/2ahY
2020-10-03,Snowpiercer,2013,https://boxd.it/3Icg
2020-10-03,The Perks of Being a Wallflower,2012,https://boxd.it/2ZA8
2020-10-03,Harry Potter and the Philosopher's Stone,2001,https://boxd.it/29QS
2020-10-03,Kingsman: The Secret Service,2014,https://boxd.it/6dxe
2020-10-03,Schindler's List,1993,https://boxd.it/2aq2
2020-10-03,"Monsters, Inc.",2001,https://boxd.it/2a46
2020-10-03,Suicide Squad,2016,https://boxd.it/9row
2020-10-03,Avatar,2009,https://boxd.it/1Efm
2020-10-03,Iron Man 3,2013,https://boxd.it/2cBQ
2020-10-03,Harry Potter and the Deathly Hallows: Part 2,2011,https://boxd.it/1RYk
2020-10-03,Léon: The Professional,1994,https://boxd.it/2b8S
2020-10-03,Harry Potter and the Chamber of Secrets,2002,https://boxd.it/29QI
2020-10-03,Thor,2011,https://boxd.it/1WQU
2020-10-03,Harry Potter and the Goblet of Fire,2005,https://boxd.it/29Qo
2020-10-03,Dead Poets Society,1989,https://boxd.it/2aSg
2020-10-03,The Hunger Games,2012,https://boxd.it/2uds
2020-10-03,12 Angry Men,1957,https://boxd.it/2auI
2020-10-03,Iron Man 2,2010,https://boxd.it/1WZM
2020-10-03,Fantastic Beasts and Where to Find Them,2016,https://boxd.it/7FPC
2020-10-03,Harry Potter and the Deathly Hallows: Part 1,2010,https://boxd.it/1RYu
2020-10-03,Frozen,2013,https://boxd.it/3GNa
2020-10-03,Harry Potter and the Order of the Phoenix,2007,https://boxd.it/29Qe
2020-10-03,Spider-Man,2002,https://boxd.it/2a8i
2020-10-03,Shrek,2001,https://boxd.it/29zi
2020-10-03,Harry Potter and the Half-Blood Prince,2009,https://boxd.it/29FU
2020-10-03,Spider-Man 2,2004,https://boxd.it/2a88
2020-10-03,Zombieland,2009,https://boxd.it/1En6
2020-10-03,V for Vendetta,2005,https://boxd.it/29Ik
2020-10-03,Home Alone,1990,https://boxd.it/29Fg
2020-10-03,Pirates of the Caribbean: The Curse of the Black Pearl,2003,https://boxd.it/70G
2020-10-03,X-Men: Days of Future Past,2014,https://boxd.it/4aRw
2020-10-03,Mean Girls,2004,https://boxd.it/1VNg
2020-10-03,Scarface,1983,https://boxd.it/2b7g
2020-10-03,Finding Dory,2016,https://boxd.it/4aAA
2020-10-03,The Hunger Games: Catching Fire,2013,https://boxd.it/3sAw
2020-10-03,The Nightmare Before Christmas,1993,https://boxd.it/1YzQ
2020-10-03,Ocean's Eleven,2001,https://boxd.it/2aZm
2020-10-03,The Curious Case of Benjamin Button,2008,https://boxd.it/23Fk
2020-10-03,Tangled,2010,https://boxd.it/15gO
2020-10-03,21 Jump Street,2012,https://boxd.it/J0
2020-10-03,Back to the Future Part II,1989,https://boxd.it/2aYI
2020-10-03,Man of Steel,2013,https://boxd.it/FRk
2020-10-03,The Hangover,2009,https://boxd.it/1GjK
2020-10-03,The Theory of Everything,2014,https://boxd.it/7YtA
2020-10-03,Shrek 2,2004,https://boxd.it/29z8
2020-10-03,Beetlejuice,1988,https://boxd.it/24QI
2020-10-03,Charlie and the Chocolate Factory,2005,https://boxd.it/2b68
2020-10-03,Climax,2018,https://boxd.it/ikvo
2020-10-03,Brave,2012,https://boxd.it/bVG
2020-10-03,The Devil Wears Prada,2006,https://boxd.it/2awE
2020-10-03,Slumdog Millionaire,2008,https://boxd.it/1S3E
2020-10-03,Spider-Man 3,2007,https://boxd.it/2a7Y
2020-10-03,Now You See Me,2013,https://boxd.it/2Bsu
2020-10-03,In Bruges,2008,https://boxd.it/20n8
2020-10-03,X-Men: Apocalypse,2016,https://boxd.it/7eJi
2020-10-03,Monsters University,2013,https://boxd.it/bQm
2020-10-03,World War Z,2013,https://boxd.it/2p2E
2020-10-03,Creed,2015,https://boxd.it/a2qk
2020-10-03,Prometheus,2012,https://boxd.it/2s9e
2020-10-03,Mamma Mia!,2008,https://boxd.it/1Tnq
2020-10-03,Atomic Blonde,2017,https://boxd.it/blDk
2020-10-03,Pirates of the Caribbean: Dead Man's Chest,2006,https://boxd.it/2bfk
2020-10-03,This Is the End,2013,https://boxd.it/3GB4
2020-10-03,To All the Boys I've Loved Before,2018,https://boxd.it/gHec
2020-10-03,El Camino: A Breaking Bad Movie,2019,https://boxd.it/kv0q
2020-10-03,The Amazing Spider-Man 2,2014,https://boxd.it/3utM
2020-10-03,"Crazy, Stupid, Love.",2011,https://boxd.it/D9A
2020-10-03,22 Jump Street,2014,https://boxd.it/5Fvy
2020-10-03,Pride & Prejudice,2005,https://boxd.it/24u8
2020-10-03,Twilight,2008,https://boxd.it/1Zui
2020-10-03,Don't Breathe,2016,https://boxd.it/9yzw
2020-10-03,Spring Breakers,2012,https://boxd.it/421s
2020-10-03,Blue Is the Warmest Color,2013,https://boxd.it/4O40
2020-10-03,A Beautiful Mind,2001,https://boxd.it/2amk
2020-10-03,I Am Legend,2007,https://boxd.it/21DG
2020-10-03,Mommy,2014,https://boxd.it/7Uau
2020-10-03,Lucy,2014,https://boxd.it/75hu
2020-10-03,War for the Planet of the Apes,2017,https://boxd.it/8FE2
2020-10-03,Grease,1978,https://boxd.it/29YW
2020-10-03,Back to the Future Part III,1990,https://boxd.it/2aTS
2020-10-03,Alice in Wonderland,2010,https://boxd.it/1Spq
2020-10-03,Despicable Me,2010,https://boxd.it/1DD8
2020-10-03,Rise of the Planet of the Apes,2011,https://boxd.it/cS4
2020-10-03,Amadeus,1984,https://boxd.it/2aH8
2020-10-03,The Invitation,2015,https://boxd.it/9OUU
2020-10-03,We're the Millers,2013,https://boxd.it/4srQ
2020-10-03,At Eternity's Gate,2018,https://boxd.it/hI40
2020-10-03,The Dreamers,2003,https://boxd.it/28X4
2020-10-03,Irreversible,2002,https://boxd.it/29as
2020-10-03,A Streetcar Named Desire,1951,https://boxd.it/29Mc
2020-10-03,Hair,1979,https://boxd.it/1VIA
2020-10-03,Passengers,2016,https://boxd.it/8lFu
2020-10-03,Jim & Andy: The Great Beyond,2017,https://boxd.it/gO36
2020-10-03,Yes Man,2008,https://boxd.it/1WPW
2020-10-03,Why Him?,2016,https://boxd.it/c3Wq
2020-10-03,Everybody’s Everything,2019,https://boxd.it/lbeu
2020-10-03,No Escape,2015,https://boxd.it/5NAw
2020-10-03,Marie Antoinette,2006,https://boxd.it/27Wa
2020-10-03,The Fundamentals of Caring,2016,https://boxd.it/aiai
2020-10-03,Testament of Youth,2014,https://boxd.it/8OfK
2020-10-03,Stranger by the Lake,2013,https://boxd.it/5Fji
2020-10-03,30 Minutes or Less,2011,https://boxd.it/bRa
2020-10-03,First They Killed My Father,2017,https://boxd.it/fmCK
2020-10-03,After,2019,https://boxd.it/jBb8
2020-10-03,Me Before You,2016,https://boxd.it/9n98
2020-10-03,The Basketball Diaries,1995,https://boxd.it/1WaO
2020-10-03,Adventureland,2009,https://boxd.it/1JTQ
2020-10-03,Click,2006,https://boxd.it/1YVM
2020-10-03,Murder Mystery,2019,https://boxd.it/iEBm
2020-10-03,Hotel Transylvania,2012,https://boxd.it/2DF6
2020-10-03,Big Daddy,1999,https://boxd.it/1ZkW
2020-10-03,Hotel Transylvania 2,2015,https://boxd.it/4ZLk
2020-10-03,Madagascar,2005,https://boxd.it/29dc
2020-10-03,Night at the Museum,2006,https://boxd.it/28wi
2020-10-03,Madagascar: Escape 2 Africa,2008,https://boxd.it/1W2K
2020-10-03,Madagascar 3: Europe's Most Wanted,2012,https://boxd.it/2NF6
2020-10-03,The Fault in Our Stars,2014,https://boxd.it/6BQa
2020-10-03,Divergent,2014,https://boxd.it/4VT0
2020-10-03,Insurgent,2015,https://boxd.it/7NNa
2020-10-03,Paper Towns,2015,https://boxd.it/8T5g
2020-10-03,The Accountant,2016,https://boxd.it/9EhI
2020-10-03,Pitch Perfect,2012,https://boxd.it/3OsE
2020-10-03,The Twilight Saga: New Moon,2009,https://boxd.it/1Hj2
2020-10-03,Ocean's Twelve,2004,https://boxd.it/2aZ2
2020-10-03,Mercury Rising,1998,https://boxd.it/1ZMG
2020-10-03,The Whole Nine Yards,2000,https://boxd.it/27vS
2020-10-03,Twelve Monkeys,1995,https://boxd.it/2beQ
2020-10-03,The Man from U.N.C.L.E.,2015,https://boxd.it/67lG
2020-10-03,The Simpsons Movie,2007,https://boxd.it/6YU
2020-10-03,Seven Psychopaths,2012,https://boxd.it/34PW
2020-10-03,Now You See Me 2,2016,https://boxd.it/99fw
2020-10-03,The Hangover Part II,2011,https://boxd.it/PZI
2020-10-03,Scooby-Doo,2002,https://boxd.it/1YaQ
2020-10-03,Warm Bodies,2013,https://boxd.it/2TFm
2020-10-03,Happy Death Day 2U,2019,https://boxd.it/ixt6
2020-10-03,Bolt,2008,https://boxd.it/1QXg
2020-10-03,Minions,2015,https://boxd.it/6jCO
2020-10-03,The Intern,2015,https://boxd.it/7AOE
2020-10-03,Happy Feet,2006,https://boxd.it/1XH0
2020-10-03,Horrible Bosses 2,2014,https://boxd.it/6HWy
2020-10-03,Horrible Bosses,2011,https://boxd.it/Ba2
2020-10-03,Wanderlust,2012,https://boxd.it/D9q
2020-10-03,Ice Age: The Meltdown,2006,https://boxd.it/2wRk
2020-10-03,The Hangover Part III,2013,https://boxd.it/3GNY
2020-10-03,Project X,2012,https://boxd.it/neO
2020-10-03,Focus,2015,https://boxd.it/7zl2
2020-10-03,Ice Age: Dawn of the Dinosaurs,2009,https://boxd.it/20iC
2020-10-03,Zathura: A Space Adventure,2005,https://boxd.it/21mq
2020-10-03,Panic Room,2002,https://boxd.it/2490
2020-10-03,Nim's Island,2008,https://boxd.it/1W8y
2020-10-03,Ice Age: Continental Drift,2012,https://boxd.it/lQ2
2020-10-03,The Fisher King,1991,https://boxd.it/2aWM
2020-10-03,Camp Rock,2008,https://boxd.it/1PHw
2020-10-03,3 Idiots,2009,https://boxd.it/1Dsa
2020-10-03,The Nutty Professor,1996,https://boxd.it/1YXI
2020-10-03,Identity Thief,2013,https://boxd.it/3GOW
2020-10-03,Bride Wars,2009,https://boxd.it/1W3I
2020-10-03,The Smurfs,2011,https://boxd.it/Zcm
2020-10-03,Mr. Popper's Penguins,2011,https://boxd.it/kRS
2020-10-03,Lemonade Mouth,2011,https://boxd.it/4bG
2020-10-03,Mamma Mia! Here We Go Again,2018,https://boxd.it/gnfO
2020-10-03,West Side Story,1961,https://boxd.it/28dK
2020-10-03,Julie & Julia,2009,https://boxd.it/1wXg
2020-10-03,Love,2015,https://boxd.it/9brE
2020-10-04,50 First Dates,2004,https://boxd.it/285c
2020-10-05,Shaft,2019,https://boxd.it/htPq
2020-10-05,The Last Thing He Wanted,2020,https://boxd.it/ig5G
2020-10-05,The Magnificent Seven,2016,https://boxd.it/aZAy
2020-10-05,Sully,2016,https://boxd.it/cD8Q
2020-10-05,Deadpool,2016,https://boxd.it/9fOC
2020-10-05,Me and Earl and the Dying Girl,2015,https://boxd.it/9SAE
2020-10-05,One Direction: Where We Are – The Concert Film,2014,https://boxd.it/8Ln2
2020-10-05,Guardians of the Galaxy,2014,https://boxd.it/3VH2
2020-10-05,The Mortal Instruments: City of Bones,2013,https://boxd.it/44va
2020-10-05,The Lone Ranger,2013,https://boxd.it/ngU
2020-10-05,Percy Jackson: Sea of Monsters,2013,https://boxd.it/2D8m
2020-10-05,The Purge,2013,https://boxd.it/4Xg0
2020-10-05,The Host,2013,https://boxd.it/2nIy
2020-10-05,Hannah Montana: The Movie,2009,https://boxd.it/1Hx4
2020-10-05,Ocean's Thirteen,2007,https://boxd.it/2aEy
2020-10-05,The Queen,2006,https://boxd.it/292e
2020-10-05,G.O.R.A.,2004,https://boxd.it/1sau
2020-10-05,The Matrix Revolutions,2003,https://boxd.it/2a12
2020-10-05,Gia,1998,https://boxd.it/1NUo
2020-10-05,The Caveman's Valentine,2001,https://boxd.it/1wck
2020-10-10,A Nightmare on Elm Street,2010,https://boxd.it/1zdg
2020-10-10,LOL,2012,https://boxd.it/2Nas
2020-10-10,The Last Song,2010,https://boxd.it/1c5I
2020-10-10,Princess Protection Program,2009,https://boxd.it/1F5s
2020-10-10,Wizards of Waverly Place: The Movie,2009,https://boxd.it/1thQ
2020-10-10,Monte Carlo,2011,https://boxd.it/hqk
2020-10-10,The Wizards Return: Alex vs. Alex,2013,https://boxd.it/5sWc
2020-10-10,Edge of Tomorrow,2014,https://boxd.it/4pD0
2020-10-10,Training Day,2001,https://boxd.it/27A4
2020-10-10,Déjà Vu,2006,https://boxd.it/20PQ
2020-10-10,Predestination,2014,https://boxd.it/6bJM
2020-10-10,Knowing,2009,https://boxd.it/1Pmy
2020-10-10,Confessions of a Shopaholic,2009,https://boxd.it/1E9e
2020-10-10,Keeping Up with the Joneses,2016,https://boxd.it/aS5y
2020-10-10,The Boss Baby,2017,https://boxd.it/9mfO
2020-10-10,Hush,2016,https://boxd.it/d5ys
2020-10-10,Husband Factor,2015,https://boxd.it/aXOS
2020-10-10,The Maze Runner,2014,https://boxd.it/5YPM
2020-10-10,Young & Beautiful,2013,https://boxd.it/5B0Q
2020-10-10,RED 2,2013,https://boxd.it/4E4E
2020-10-10,Mama,2013,https://boxd.it/4i9s
2020-10-10,CM101MMXI Fundamentals,2013,https://boxd.it/52TQ
2020-10-10,Starstruck,2010,https://boxd.it/1cjq
2020-10-10,Tooth Fairy,2010,https://boxd.it/1zKE
2020-10-10,Alvin and the Chipmunks,2007,https://boxd.it/21E0
2020-10-15,Bridge to Terabithia,2007,https://boxd.it/28YG
2020-10-15,Hannibal,2001,https://boxd.it/1XVc
2020-10-15,Ice Age,2002,https://boxd.it/2apS
2020-10-15,Superbad,2007,https://boxd.it/20hO
2020-10-26,The Purge: Anarchy,2014,https://boxd.it/71zk
2020-10-28,In the Line of Fire,1993,https://boxd.it/1YOw
2020-10-29,Neighbors,2014,https://boxd.it/5Txe
2020-11-05,La La Land,2016,https://boxd.it/a5fa
2020-11-06,Honey,2010,https://boxd.it/SEo
2020-11-06,Suicide Room,2011,https://boxd.it/2oiG
2020-11-17,The Notebook,2004,https://boxd.it/1UNE
2020-11-17,Dirty Dancing,1987,https://boxd.it/2baY
2020-11-27,"Everything, Everything",2017,https://boxd.it/eKx8
2020-11-27,Everything's Gonna Be Great,1998,https://boxd.it/2R36
2020-12-06,The Prestige,2006,https://boxd.it/293w
2020-12-06,John Wick: Chapter 3 – Parabellum,2019,https://boxd.it/gmFw
2020-12-12,The Social Network,2010,https://boxd.it/17ue
2020-12-16,The Bitter Tears of Petra von Kant,1972,https://boxd.it/1WzE
2020-12-19,Carol,2015,https://boxd.it/7DPK
2020-12-20,The Mule,2018,https://boxd.it/idcY
2020-12-21,Coco,2017,https://boxd.it/bYJQ
2020-12-22,Inside Out,2015,https://boxd.it/4KHC
2020-12-22,Portrait of a Lady on Fire,2019,https://boxd.it/jkPq
2020-12-22,Toy Story 2,1999,https://boxd.it/29qq
2020-12-22,Toy Story 3,2010,https://boxd.it/1WRe
2020-12-25,Hugo,2011,https://boxd.it/R08
2020-12-26,Calibre,2018,https://boxd.it/h0ru
2020-12-26,The Autopsy of Jane Doe,2016,https://boxd.it/dUu2
2020-12-26,The Invisible Guest,2016,https://boxd.it/euce
2020-12-26,A Cure for Wellness,2016,https://boxd.it/bkQW
2020-12-26,1922,2017,https://boxd.it/g8CS
2020-12-26,"Extremely Wicked, Shockingly Evil and Vile",2019,https://boxd.it/glCG
2020-12-26,Eli,2019,https://boxd.it/hn4S
2020-12-26,The Ninth Gate,1999,https://boxd.it/29YM
2020-12-26,The Occupant,2020,https://boxd.it/p9si
2020-12-26,The Coldest Game,2019,https://boxd.it/lxZM
2020-12-26,Mine,2016,https://boxd.it/bywc
2020-12-26,The Company You Keep,2012,https://boxd.it/35CO
2020-12-26,The Open House,2018,https://boxd.it/htmy
2020-12-26,El Camino Christmas,2017,https://boxd.it/hsZ0
2020-12-26,The Rolling Stones: Olé Olé Olé! – A Trip Across Latin America,2016,https://boxd.it/enK4
2020-12-26,Hotel for Dogs,2009,https://boxd.it/1MEa
2020-12-26,Scream,1996,https://boxd.it/24EC
2020-12-26,High School Musical 2,2007,https://boxd.it/1PIu
2020-12-26,So Undercover,2012,https://boxd.it/3h5M
2020-12-26,Wizards on Deck with Hannah Montana,2009,https://boxd.it/2HCU
2020-12-26,That's So Suite Life of Hannah Montana,2006,https://boxd.it/6aci
2020-12-26,Behaving Badly,2014,https://boxd.it/7F7g
2020-12-26,Percy Jackson & the Olympians: The Lightning Thief,2010,https://boxd.it/1gJi
2020-12-26,Ghost Rider: Spirit of Vengeance,2011,https://boxd.it/2qne
2020-12-26,Pirates of the Caribbean: Dead Men Tell No Tales,2017,https://boxd.it/5a9m
2020-12-26,Pirates of the Caribbean: At World's End,2007,https://boxd.it/2aGu
2020-12-26,Pirates of the Caribbean: On Stranger Tides,2011,https://boxd.it/27Z4
2020-12-26,Alice Through the Looking Glass,2016,https://boxd.it/75Yo
2020-12-26,Mortdecai,2015,https://boxd.it/6ioc
2020-12-26,About Time,2013,https://boxd.it/43bI
2021-01-09,Stuck Apart,2021,https://boxd.it/o2cU
2021-01-10,The Interpreter,2005,https://boxd.it/2aWs
2021-01-25,The Perfect Host,2010,https://boxd.it/8QI
2021-01-25,Bambi,1942,https://boxd.it/25AQ
2021-01-25,The Italian Job,2003,https://boxd.it/1Y86
2021-01-28,Soul,2020,https://boxd.it/ioLA
2021-01-28,Happy Death Day,2017,https://boxd.it/fDz4
2021-01-30,"Roman J. Israel, Esq.",2017,https://boxd.it/ezRc
2021-02-27,Water Lilies,2007,https://boxd.it/1VjK
2021-02-27,Frances Ha,2012,https://boxd.it/41Xg
2021-02-28,Coraline,2009,https://boxd.it/1NhQ
2021-03-02,Caché,2005,https://boxd.it/2amY
2021-03-04,That Sugar Film,2014,https://boxd.it/9J1A
2021-03-04,Spirited Away,2001,https://boxd.it/2b4m
2021-03-11,The Terminal,2004,https://boxd.it/2a2O
2021-03-16,A Coffee in Berlin,2012,https://boxd.it/4g7u
2021-03-18,Krisha,2015,https://boxd.it/ax4E
2021-03-18,Nanny McPhee,2005,https://boxd.it/1Uek
2021-03-18,My Life as a Zucchini,2016,https://boxd.it/dL2y
2021-04-05,Ice Age: Collision Course,2016,https://boxd.it/8upq
2021-04-05,Nomadland,2020,https://boxd.it/lnRy
2021-04-07,BoJack Horseman Christmas Special,2014,https://boxd.it/lm6c
2021-04-09,Seaspiracy,2021,https://boxd.it/u9rE
2021-05-02,Ethos,2020,https://boxd.it/sJVQ
2021-05-18,Il Posto,1961,https://boxd.it/1iqC
2021-05-29,Friends: The Reunion,2021,https://boxd.it/pOQq
2021-06-01,Curse of Chucky,2013,https://boxd.it/5b1y
2021-06-30,Ratatouille,2007,https://boxd.it/27ww
2021-07-10,I'm Thinking of Ending Things,2020,https://boxd.it/i4IQ
2021-07-10,Luca,2021,https://boxd.it/ipjC
2021-07-10,Joe Pera Talks You to Sleep,2016,https://boxd.it/et36
2021-07-11,Last Summer,2021,https://boxd.it/txP4
2021-07-12,Parasite,2019,https://boxd.it/hTha
2021-07-15,Hannah Gadsby: Nanette,2018,https://boxd.it/jfyE
2021-07-20,Looking for Alaska,2019,https://boxd.it/npHO
2021-07-28,Star Wars,1977,https://boxd.it/72s
2021-07-29,Joker,2019,https://boxd.it/h4cS
2021-08-05,Eternal Sunshine of the Spotless Mind,2004,https://boxd.it/6YK
2021-08-11,Barbie as The Princess & the Pauper,2004,https://boxd.it/1MGU
2021-08-11,Tinker Bell and the Lost Treasure,2009,https://boxd.it/1vKg
2021-08-11,Tinker Bell and the Great Fairy Rescue,2010,https://boxd.it/RlU
2021-08-11,Bambi II,2006,https://boxd.it/1QAQ
2021-08-11,Zootopia,2016,https://boxd.it/84xS
2021-08-12,Summer of 85,2020,https://boxd.it/oxQ2
2021-08-15,Anomalisa,2015,https://boxd.it/97TE
2021-08-16,Heartbeats,2010,https://boxd.it/BPu
2021-08-16,Brokeback Mountain,2005,https://boxd.it/2b2q
2021-08-23,"Love, Spells and All That",2019,https://boxd.it/nBk8
2021-08-24,Tangerine,2015,https://boxd.it/9QRe
2021-08-25,The Secret Life of Pets,2016,https://boxd.it/aJ5E
2021-08-28,Ready or Not,2019,https://boxd.it/kOf0
2021-08-28,Orphan,2009,https://boxd.it/1CgM
2021-09-18,The Father,2020,https://boxd.it/m8Ie
2021-09-26,Intrusion,2021,https://boxd.it/txCa
2021-10-11,Kill Bill: Vol. 1,2003,https://boxd.it/70w
2021-10-27,Howl's Moving Castle,2004,https://boxd.it/23De
2021-10-28,Night Teeth,2021,https://boxd.it/oW5K
2021-10-29,Friday the 13th,2009,https://boxd.it/1QAw
2021-10-30,16 Wishes,2010,https://boxd.it/12eU
2021-10-30,Radio Rebel,2012,https://boxd.it/39mq
2021-10-30,What Happened to Monday,2017,https://boxd.it/ejUu
2021-11-04,I Lost My Body,2019,https://boxd.it/lAYs
2021-11-06,You've Got Murder,2019,https://boxd.it/nkji
2021-11-09,Thelma & Louise,1991,https://boxd.it/28Ew
2021-11-18,Cléo from 5 to 7,1962,https://boxd.it/2agm
2021-11-18,One Direction: This Is Us,2013,https://boxd.it/57km
2021-11-19,All Too Well: The Short Film,2021,https://boxd.it/xTmc
2021-11-19,There Will Come Soft Rains,1984,https://boxd.it/3WEo
2021-11-21,Edward Scissorhands,1990,https://boxd.it/2aZc
2021-11-26,Shiva Baby,2020,https://boxd.it/oIv0
2021-11-27,Titane,2021,https://boxd.it/nlQC
2021-11-28,Chungking Express,1994,https://boxd.it/1UDa
2021-12-04,Misery,1990,https://boxd.it/28gY
2022-01-02,Cem Yılmaz: Diamond Elite Platinum Plus,2021,https://boxd.it/yvJo
2022-01-02,Bad Luck Banging or Loony Porn,2021,https://boxd.it/tJOM
2022-01-03,Annette,2021,https://boxd.it/f0RS
2022-01-09,Another Round,2020,https://boxd.it/lkba
2022-01-10,The Double Life of Véronique,1991,https://boxd.it/28va
2022-01-15,Bo Burnham: Inside,2021,https://boxd.it/v2uy
2022-01-17,The Lobster,2015,https://boxd.it/7tnw
2022-01-21,Trainspotting,1996,https://boxd.it/29XY
2022-02-05,Drive My Car,2021,https://boxd.it/sv94
2022-03-05,The Batman,2022,https://boxd.it/eDGs
2022-03-06,The Worst Person in the World,2021,https://boxd.it/oyws
2022-03-08,The Handmaiden,2016,https://boxd.it/948A
2022-03-08,Her,2013,https://boxd.it/4O24
2022-03-27,Before Sunrise,1995,https://boxd.it/2bcU
2022-03-27,The Florida Project,2017,https://boxd.it/dMG0
2022-03-28,Little Miss Sunshine,2006,https://boxd.it/29EW
2022-04-30,The Lovers on the Bridge,1991,https://boxd.it/26li
2022-05-23,Marriage Story,2019,https://boxd.it/hJAw
2022-05-24,Petite Maman,2021,https://boxd.it/s6je
2022-05-27,Everything Everywhere All at Once,2022,https://boxd.it/jUk4
2022-07-16,Manchester by the Sea,2016,https://boxd.it/b2L0
2022-08-09,Rain Man,1988,https://boxd.it/2avw
2022-09-21,Fight Club,1999,https://boxd.it/2a9q
2022-09-25,Knives Out,2019,https://boxd.it/jWEA
2022-09-30,Lou,2022,https://boxd.it/fdFK
2022-09-30,The Silencing,2020,https://boxd.it/mgbC
2022-10-23,Cowspiracy: The Sustainability Secret,2014,https://boxd.it/8I92
2022-10-26,What the Health,2017,https://boxd.it/eE3Q
2022-10-30,When Marnie Was There,2014,https://boxd.it/78pm
2022-11-27,Selena Gomez: My Mind & Me,2022,https://boxd.it/CDxS
2022-12-18,Avatar: The Way of Water,2022,https://boxd.it/2E2E
2023-01-18,"The Boy, the Mole, the Fox and the Horse",2022,https://boxd.it/BBT6
2023-01-18,Little Women,2019,https://boxd.it/aSVk
2023-01-20,Shimmer Lake,2017,https://boxd.it/gm1c
2023-01-21,On the Line,2022,https://boxd.it/B0DK
2023-01-26,The Banshees of Inisherin,2022,https://boxd.it/p7XS
2023-01-27,Guillermo del Toro's Pinocchio,2022,https://boxd.it/kjMW
2023-01-29,Sharp Objects,2018,https://boxd.it/j3NM
2023-01-30,Hamilton,2020,https://boxd.it/kmvE
2023-02-01,Velvet Buzzsaw,2019,https://boxd.it/gAy0
2023-02-01,Lost in Translation,2003,https://boxd.it/2b0E
2023-02-06,Y Tu Mamá También,2001,https://boxd.it/28QM
2023-02-11,Notting Hill,1999,https://boxd.it/2aeK
2023-02-13,Ocean's Eight,2018,https://boxd.it/eaai
2023-02-20,Taylor Tomlinson: Quarter-Life Crisis,2020,https://boxd.it/p17c
2023-02-21,Adaptation.,2002,https://boxd.it/26mA
2023-02-25,Get Out,2017,https://boxd.it/eOCm
2023-02-26,"The Good, the Bad and the Ugly",1966,https://boxd.it/2ape
2023-02-28,Mulholland Drive,2001,https://boxd.it/297o
2023-03-14,Bones and All,2022,https://boxd.it/tLd4
2023-04-10,Swarm,2023,https://boxd.it/FIFe
2023-04-15,The Half of It,2020,https://boxd.it/m0T4
2023-04-15,Sick of Myself,2022,https://boxd.it/tEzs
2023-05-08,Groundhog Day,1993,https://boxd.it/2b3e
2023-06-06,The Neighbors' Window,2019,https://boxd.it/m92e
2023-06-18,There Will Be Blood,2007,https://boxd.it/20Z2
2023-06-22,Quicksand,2019,https://boxd.it/zLDe
2023-07-25,Barbie,2023,https://boxd.it/bCLK
2023-08-13,Fist of Fury,1972,https://boxd.it/1TaG
2023-08-20,Tenacious D in The Pick of Destiny,2006,https://boxd.it/27go
2023-08-20,Gulliver's Travels,2010,https://boxd.it/15iK
2023-08-20,Singles,1992,https://boxd.it/1UIu
2023-08-22,Nacho Libre,2006,https://boxd.it/1YTG
2023-08-24,Biography: The Nine Lives of Ozzy Osbourne,2020,https://boxd.it/pg6o
2023-09-22,Army of Darkness,1992,https://boxd.it/29G4
2023-11-11,Daniel Sloss: Live Shows,2018,https://boxd.it/nx3M
2023-11-14,Love Actually,2003,https://boxd.it/2aeU
2023-11-19,Fargo,1996,https://boxd.it/2aHM
2023-11-26,Destiny,2006,https://boxd.it/SMM
2023-12-06,Amélie,2001,https://boxd.it/2aUc
2023-12-07,Transamerica,2005,https://boxd.it/2aa4
2023-12-25,The Menu,2022,https://boxd.it/lScm
2024-01-04,The Piano Teacher,2001,https://boxd.it/2886
2024-01-12,Normal People,2020,https://boxd.it/q2VY
