Date,Name,Year,Letterboxd URI
2020-10-03,Lady Bird,2017,https://boxd.it/dGNE
2020-10-03,Whiplash,2014,https://boxd.it/7bQA
2020-10-03,The Wolf of Wall Street,2013,https://boxd.it/3C1m
2020-10-03,2001: A Space Odyssey,1968,https://boxd.it/2bf0
2020-10-03,Booksmart,2019,https://boxd.it/igNS
2020-10-03,Nightcrawler,2014,https://boxd.it/780m
2020-10-03,Memento,2000,https://boxd.it/2bcK
2020-10-03,Apocalypse Now,1979,https://boxd.it/6ZS
2020-10-03,Requiem for a Dream,2000,https://boxd.it/29VI
2020-10-03,Saving Private Ryan,1998,https://boxd.it/29ro
2020-10-03,Vertigo,1958,https://boxd.it/2apI
2020-10-03,The Great Gatsby,2013,https://boxd.it/JY
2020-10-03,Die Hard,1988,https://boxd.it/2a7u
2020-10-03,Full Metal Jacket,1987,https://boxd.it/2a1Q
2020-10-03,The Green Mile,1999,https://boxd.it/2agG
2020-10-03,Singin' in the Rain,1952,https://boxd.it/29oY
2020-10-03,Sing Street,2016,https://boxd.it/cOo6
2020-10-03,Legally Blonde,2001,https://boxd.it/1ZNa
2020-10-03,"Love, Rosie",2014,https://boxd.it/62hE
2020-10-03,Pretty in Pink,1986,https://boxd.it/1TEw
2020-10-03,Buffalo '66,1998,https://boxd.it/1YC6
2020-10-03,Beach Rats,2017,https://boxd.it/f5m6
2020-10-03,Enter the Void,2009,https://boxd.it/1dy2
2020-10-08,Cold War,2018,https://boxd.it/fEoc
2020-10-10,Clueless,1995,https://boxd.it/1Ygk
2020-10-10,Everybody Wants Some!!,2016,https://boxd.it/9mgM
2020-10-10,1917,2019,https://boxd.it/jj4y
2020-10-10,mid90s,2018,https://boxd.it/fxIa
2020-10-10,Flipped,2010,https://boxd.it/Tb8
2020-10-10,Moonrise Kingdom,2012,https://boxd.it/2Wng
2020-10-10,Drive,2011,https://boxd.it/IG
2020-10-10,Footloose,1984,https://boxd.it/288A
2020-10-10,Amy,2015,https://boxd.it/aSNU
2020-10-10,Freaky Friday,2003,https://boxd.it/1WwK
2020-10-15,The Ballad of Buster Scruggs,2018,https://boxd.it/jB2q
2020-10-15,Pineapple Express,2008,https://boxd.it/1WRS
2020-10-15,Submarine,2010,https://boxd.it/H4a
2020-10-15,50/50,2011,https://boxd.it/10Tw
2020-10-15,The Outsiders,1983,https://boxd.it/2aPw
2020-10-17,"I, Tonya",2017,https://boxd.it/dzR0
2020-11-06,Jakob the Liar,1999,https://boxd.it/270q
2020-11-06,Suspiria,1977,https://boxd.it/1SNW
2020-11-06,Winter Sleep,2014,https://boxd.it/7Ua0
2020-11-06,Nick and Norah's Infinite Playlist,2008,https://boxd.it/1Slo
2020-11-06,Girl,2018,https://boxd.it/iGU6
2020-11-06,Phantom Thread,2017,https://boxd.it/e4uc
2020-11-06,Cashback,2006,https://boxd.it/1Sf6
2020-11-06,Daisies,1966,https://boxd.it/LZk
2020-11-06,House of Tolerance,2011,https://boxd.it/2Yjq
2020-11-06,Mikey and Nicky,1976,https://boxd.it/iL4
2020-11-06,American Honey,2016,https://boxd.it/bk7C
2020-11-13,L'Avventura,1960,https://boxd.it/23hs
2020-11-15,Sweet November,2001,https://boxd.it/27QQ
2020-11-17,Blue Valentine,2010,https://boxd.it/MxG
2020-11-17,GoodFellas,1990,https://boxd.it/29FA
2020-11-21,The Greatest Showman,2017,https://boxd.it/acjI
2020-11-21,Chicago,2002,https://boxd.it/28zm
2020-11-21,Kill Bill: Vol. 2,2004,https://boxd.it/2au4
2020-11-23,Spider-Man: Into the Spider-Verse,2018,https://boxd.it/azpY
2020-11-23,Everything Is Illuminated,2005,https://boxd.it/2ayg
2020-12-10,Bad Reputation,2018,https://boxd.it/hLQm
2020-12-10,Light of Day,1987,https://boxd.it/27p6
2020-12-10,Godly Boyish,2004,https://boxd.it/cJJ4
2020-12-10,The Runaways,2010,https://boxd.it/1rsC
2020-12-10,Crickets,2020,https://boxd.it/r0Ba
2020-12-14,Wolfwalkers,2020,https://boxd.it/fGrC
2020-12-21,Mirror,1975,https://boxd.it/28Q8
2020-12-22,Klaus,2019,https://boxd.it/ipoi
2020-12-22,The Umbrellas of Cherbourg,1964,https://boxd.it/22fK
2020-12-25,The Selfish Giant,2013,https://boxd.it/5QSe
2020-12-25,Come and See,1985,https://boxd.it/1w9q
2020-12-25,Persona,1966,https://boxd.it/29B4
2020-12-25,Shaun of the Dead,2004,https://boxd.it/29J8
2020-12-25,The Apartment,1960,https://boxd.it/2aGE
2020-12-25,"The Cook, the Thief, His Wife & Her Lover",1989,https://boxd.it/20VO
2020-12-25,"Jeanne Dielman, 23, quai du Commerce, 1080 Bruxelles",1975,https://boxd.it/T18
2020-12-25,Kramer vs. Kramer,1979,https://boxd.it/h0w
2020-12-25,The Pianist,2002,https://boxd.it/2aqc
2020-12-25,Jackie,2016,https://boxd.it/d6bu
2020-12-25,Moulin Rouge!,2001,https://boxd.it/29wI
2020-12-26,Kajillionaire,2020,https://boxd.it/jJDY
2020-12-26,The Craft,1996,https://boxd.it/1Zai
2020-12-31,The Hate U Give,2018,https://boxd.it/gQyg
2021-01-15,Jules and Jim,1962,https://boxd.it/28rM
2021-01-16,My Own Private Idaho,1991,https://boxd.it/2ak4
2021-01-16,Fallen Angels,1995,https://boxd.it/1UkW
2021-01-19,Melancholia,2011,https://boxd.it/bPI
2021-01-28,8 Women,2002,https://boxd.it/27Lm
2021-02-28,Tangerines,2013,https://boxd.it/71vM
2021-02-28,Christiane F.,1981,https://boxd.it/1YiA
2021-03-11,Persepolis,2007,https://boxd.it/27DC
2021-03-11,Lilya 4-ever,2002,https://boxd.it/1SyW
2021-03-11,To Die For,1995,https://boxd.it/2a5o
2021-03-16,A Matter of Life and Death,1946,https://boxd.it/1q6K
2021-03-16,Stories We Tell,2012,https://boxd.it/4c4Q
2021-03-18,Stranger Than Fiction,2006,https://boxd.it/28Za
2021-03-18,"Synecdoche, New York",2008,https://boxd.it/23zw
2021-03-18,Brazil,1985,https://boxd.it/2be2
2021-05-02,Wild Tales,2014,https://boxd.it/7UmK
2021-06-22,Wristcutters: A Love Story,2006,https://boxd.it/1QBY
2021-06-22,Sky High,2005,https://boxd.it/1TNI
2021-07-03,Atonement,2007,https://boxd.it/24ui
2021-07-22,Solaris,1972,https://boxd.it/2a2Y
2021-07-22,Stalker,1979,https://boxd.it/28PO
2021-08-12,Dear Evan Hansen,2021,https://boxd.it/kOP8
2021-08-12,Parallel Mothers,2021,https://boxd.it/sOP4
2021-08-15,The Most Beautiful Boy in the World,2021,https://boxd.it/rnpw
2021-08-15,Inherent Vice,2014,https://boxd.it/5hla
2021-08-15,La Belle Époque,2019,https://boxd.it/lXCE
2021-08-15,303,2018,https://boxd.it/hNBe
2021-08-15,Fabian: Going to the Dogs,2021,https://boxd.it/mXyk
2021-08-15,Foxfire,1996,https://boxd.it/1GJo
2021-08-16,It's Only the End of the World,2016,https://boxd.it/be0K
2021-08-16,The Children's Hour,1961,https://boxd.it/1DZI
2021-08-21,The Green Knight,2021,https://boxd.it/kuy2
2021-08-24,Wendy,2020,https://boxd.it/dZV8
2021-08-24,The Age of Innocence,1993,https://boxd.it/1WgM
2021-08-26,What We Do in the Shadows,2014,https://boxd.it/7eQy
2021-08-26,Hunt for the Wilderpeople,2016,https://boxd.it/cTgG
2021-09-09,A Hidden Life,2019,https://boxd.it/eb1Q
2021-09-19,Time of the Gypsies,1988,https://boxd.it/1E1Y
2021-10-19,The Texas Chain Saw Massacre,1974,https://boxd.it/1lcS
2021-11-04,Perfume: The Story of a Murderer,2006,https://boxd.it/28LW
2021-11-04,Everybody's Talking About Jamie,2021,https://boxd.it/n8ha
2021-11-06,Ema,2019,https://boxd.it/jHWa
2021-11-06,The Peanut Butter Falcon,2019,https://boxd.it/gzu2
2021-11-06,Shoplifters,2018,https://boxd.it/ifY6
2021-11-06,The Village,2004,https://boxd.it/21iS
2021-11-06,I Origins,2014,https://boxd.it/7aRM
2021-11-06,A Separation,2011,https://boxd.it/gvo
2021-11-06,Incendies,2010,https://boxd.it/Msm
2021-11-06,Dogtooth,2009,https://boxd.it/158K
2021-11-06,Funny Games,1997,https://boxd.it/1WKM
2021-11-08,The Rocky Horror Picture Show,1975,https://boxd.it/1a3q
2021-11-09,Nostalgia,1983,https://boxd.it/28Qi
2021-11-17,Last Night in Soho,2021,https://boxd.it/lbJC
2021-11-18,Lola,1961,https://boxd.it/11ho
2021-11-19,Minority Report,2002,https://boxd.it/2aWi
2021-11-21,Holy Motors,2012,https://boxd.it/3wai
2021-11-25,American Psycho,2000,https://boxd.it/28Vs
2021-11-27,An Audience with Adele,2021,https://boxd.it/y2sS
2021-11-27,The Odyssey,2016,https://boxd.it/dNrA
2021-11-27,Mustang,2015,https://boxd.it/baaw
2021-11-27,Room,2015,https://boxd.it/7T0y
2021-11-27,Hard Candy,2005,https://boxd.it/26vs
2021-11-29,Dying to Divorce,2021,https://boxd.it/uhJQ
2021-11-29,Before the Rain,1994,https://boxd.it/1FAq
2021-12-05,The Power of the Dog,2021,https://boxd.it/m99E
2021-12-05,Licorice Pizza,2021,https://boxd.it/qTKY
2021-12-09,One from the Heart,1981,https://boxd.it/ZJq
2021-12-09,Only Lovers Left Alive,2013,https://boxd.it/4O1U
2021-12-09,Mystery Train,1989,https://boxd.it/1Ub6
2021-12-13,All That Jazz,1979,https://boxd.it/1JB8
2021-12-14,Bright Star,2009,https://boxd.it/1mfI
2021-12-15,West Side Story,2021,https://boxd.it/iwt0
2021-12-15,Cabaret,1972,https://boxd.it/1Vpe
2021-12-15,Being John Malkovich,1999,https://boxd.it/2ahu
2021-12-15,Beats,2019,https://boxd.it/hMig
2021-12-24,Underground,1995,https://boxd.it/1SOA
2021-12-24,"Black Cat, White Cat",1998,https://boxd.it/295s
2021-12-24,The Motorcycle Diaries,2004,https://boxd.it/28nU
2021-12-25,Swallow,2019,https://boxd.it/lA0i
2021-12-27,The Matrix Resurrections,2021,https://boxd.it/n87k
2021-12-27,Casino Royale,2006,https://boxd.it/1alk
2021-12-27,Riding in Cars with Boys,2001,https://boxd.it/1UF6
2021-12-27,La Strada,1954,https://boxd.it/2asi
2021-12-27,La Dolce Vita,1960,https://boxd.it/2anC
2021-12-28,Poor Little Rich Girl,1965,https://boxd.it/6dYE
2021-12-31,Summer 1993,2017,https://boxd.it/fAfK
2021-12-31,Undine,2020,https://boxd.it/mM3K
2022-01-02,The Lost Daughter,2021,https://boxd.it/kgww
2022-01-03,The Girl and the Spider,2021,https://boxd.it/iLPg
2022-01-04,The Tragedy of Macbeth,2021,https://boxd.it/lMi4
2022-01-10,Story of Women,1988,https://boxd.it/Y3o
2022-01-10,The Young Girls of Rochefort,1967,https://boxd.it/26K8
2022-01-10,Harry Potter 20th Anniversary: Return to Hogwarts,2022,https://boxd.it/xXJk
2022-01-10,Us,2019,https://boxd.it/gnV6
2022-01-10,Pain and Glory,2019,https://boxd.it/iOBQ
2022-01-10,Moonlight,2016,https://boxd.it/d6bE
2022-01-10,Thoroughbreds,2017,https://boxd.it/dVHQ
2022-01-10,A Summer's Tale,1996,https://boxd.it/183e
2022-01-13,Petrov's Flu,2021,https://boxd.it/mvOY
2022-01-17,Mass,2021,https://boxd.it/eYAA
2022-01-21,Breaking the Waves,1996,https://boxd.it/2b1W
2022-01-21,The Killing of a Sacred Deer,2017,https://boxd.it/dZ5G
2022-01-21,Disobedience,2017,https://boxd.it/ePFG
2022-01-21,The French Dispatch,2021,https://boxd.it/jLP8
2022-01-28,After Yang,2021,https://boxd.it/lx5a
2022-02-03,The Master,2012,https://boxd.it/2cBG
2022-02-09,The Last Duel,2021,https://boxd.it/mQbe
2022-03-06,The Beaches of Agnès,2008,https://boxd.it/14Y6
2022-03-27,Captain Fantastic,2016,https://boxd.it/b2K2
2022-04-17,Life Is Beautiful,1997,https://boxd.it/29Wm
2022-05-12,Burning Days,2022,https://boxd.it/psok
2022-05-24,Holy Spider,2022,https://boxd.it/xBn2
2022-05-27,Close,2022,https://boxd.it/y4qa
2022-06-19,M*A*S*H,1970,https://boxd.it/29U6
2022-06-19,Sunshine,2007,https://boxd.it/28Xy
2022-06-19,Snake Eyes,1998,https://boxd.it/1ZX0
2022-06-21,Do the Right Thing,1989,https://boxd.it/29gA
2022-08-10,Breaking Away,1979,https://boxd.it/1DMO
2022-08-10,Double Indemnity,1944,https://boxd.it/297I
2022-09-01,"Oslo, August 31st",2011,https://boxd.it/2xQC
2022-09-11,mother!,2017,https://boxd.it/dgRU
2022-09-11,The Innocents,2021,https://boxd.it/oAlc
2022-09-11,Vivarium,2019,https://boxd.it/gmVE
2022-09-16,Bodies Bodies Bodies,2022,https://boxd.it/iRcE
2022-09-16,Babylon,2022,https://boxd.it/mM02
2022-09-21,Moonage Daydream,2022,https://boxd.it/A8Co
2022-09-23,Opening Night,1977,https://boxd.it/1f4e
2022-09-23,A Woman Under the Influence,1974,https://boxd.it/1myg
2022-09-27,Don't Worry Darling,2022,https://boxd.it/mViu
2022-10-19,But I'm a Cheerleader,1999,https://boxd.it/1CW4
2022-10-22,Good Time,2017,https://boxd.it/fcFu
2022-10-27,X,2022,https://boxd.it/sxVa
2022-10-27,Amsterdam,2022,https://boxd.it/oJ58
2022-10-28,Never Look Away,2018,https://boxd.it/eZns
2022-11-10,My Policeman,2022,https://boxd.it/rVmQ
2022-11-15,The Beach,2000,https://boxd.it/27T6
2022-11-27,Tampopo,1985,https://boxd.it/1SZe
2022-11-27,Happy-Go-Lucky,2008,https://boxd.it/1W68
2022-11-27,The Royal Tenenbaums,2001,https://boxd.it/1YHU
2022-11-27,Faces Places,2017,https://boxd.it/g7ck
2022-11-27,The Commitments,1991,https://boxd.it/1TiA
2022-11-28,Let's Get Lost,1988,https://boxd.it/17RC
2022-11-28,Barry Lyndon,1975,https://boxd.it/25A2
2022-11-29,Dear Zachary: A Letter to a Son About His Father,2008,https://boxd.it/1LW8
2022-12-04,Koyaanisqatsi,1982,https://boxd.it/1U9E
2022-12-05,Hoodwinked!,2005,https://boxd.it/1UVS
2023-01-07,Elephant,2003,https://boxd.it/287i
2023-01-07,Glass Onion,2022,https://boxd.it/oCkK
2023-01-14,Sympathy for the Devil,1968,https://boxd.it/CQI
2023-01-14,La Chinoise,1967,https://boxd.it/28rC
2023-01-14,Boogie Nights,1997,https://boxd.it/23um
2023-01-18,The Graduate,1967,https://boxd.it/18Im
2023-01-19,Triangle of Sadness,2022,https://boxd.it/hXlq
2023-01-19,Fearless,1993,https://boxd.it/1WfE
2023-01-19,TÁR,2022,https://boxd.it/uNIA
2023-01-21,Megalopolis,,https://boxd.it/lPBS
2023-01-23,Kiki's Delivery Service,1989,https://boxd.it/1JAY
2023-01-25,"The Night, Angel and Our Gang",1994,https://boxd.it/m10
2023-01-27,Puss in Boots: The Last Wish,2022,https://boxd.it/aaie
2023-02-02,A Nos Amours,1983,https://boxd.it/271I
2023-02-03,The Quiet Girl,2022,https://boxd.it/yvgm
2023-02-05,20th Century Women,2016,https://boxd.it/bqU6
2023-02-20,Lola and Billy the Kid,1999,https://boxd.it/53Oi
2023-02-26,Marcel the Shell with Shoes On,2021,https://boxd.it/wMAk
2023-02-26,"Argentina, 1985",2022,https://boxd.it/qLxM
2023-02-28,Hereditary,2018,https://boxd.it/hNVe
2023-03-14,Fresh,2022,https://boxd.it/tCNi
2023-03-19,Morvern Callar,2002,https://boxd.it/1GDU
2023-03-31,Pierrot le Fou,1965,https://boxd.it/26j2
2023-05-02,MaXXXine,,https://boxd.it/CIM4
2023-05-18,Nightwatching,2007,https://boxd.it/247I
2023-05-27,The Man from Earth,2007,https://boxd.it/1Ql2
2023-06-06,Werckmeister Harmonies,2000,https://boxd.it/1zzw
2023-06-07,Spider-Man: Across the Spider-Verse,2023,https://boxd.it/kSz4
2023-06-14,Ludwig,1973,https://boxd.it/25m0
2023-06-19,Badlands,1973,https://boxd.it/25Fm
2023-06-21,Priscilla,2023,https://boxd.it/Cz3k
2023-07-21,A Passage to India,1984,https://boxd.it/1Ld8
2023-07-21,The Bridge on the River Kwai,1957,https://boxd.it/29wo
2023-07-21,Doctor Zhivago,1965,https://boxd.it/29jk
2023-07-21,The Lost City of Cecil B. DeMille,2016,https://boxd.it/gTva
2023-07-21,Cleopatra,1963,https://boxd.it/20xM
2023-07-26,Ashes and Snow,2005,https://boxd.it/1E36
2023-07-30,Station Eleven,2021,https://boxd.it/sG9O
2023-08-01,Asteroid City,2023,https://boxd.it/s3ds
2023-08-04,Children of Men,2006,https://boxd.it/1Y2i
2023-08-04,Walk Hard: The Dewey Cox Story,2007,https://boxd.it/21wK
2023-08-05,Have You Got It Yet? The Story of Syd Barrett and Pink Floyd,2023,https://boxd.it/Gjro
2023-08-09,Teenage Mutant Ninja Turtles: Mutant Mayhem,2023,https://boxd.it/mK0a
2023-08-11,Joint Security Area,2000,https://boxd.it/26Ja
2023-08-11,The Red Violin,1998,https://boxd.it/1Oo4
2023-08-11,The Harder They Come,1972,https://boxd.it/20RC
2023-08-13,"Red, White & Royal Blue",2023,https://boxd.it/z3iG
2023-08-13,"Paris, Texas",1984,https://boxd.it/29Ts
2023-08-16,Le Bonheur,1965,https://boxd.it/xyk
2023-08-16,Alphaville,1965,https://boxd.it/20AG
2023-08-19,Dark City,1998,https://boxd.it/26uk
2023-08-24,Porco Rosso,1992,https://boxd.it/1Tp2
2023-08-24,George Harrison: Living in the Material World,2011,https://boxd.it/2CoI
2023-09-03,Torso,1973,https://boxd.it/1iGg
2023-09-06,Imagine,1972,https://boxd.it/3deq
2023-09-06,Bottoms,2023,https://boxd.it/uGf2
2023-09-08,Van Helsing,2004,https://boxd.it/21aa
2023-09-21,Death Proof,2007,https://boxd.it/27GG
2023-09-22,The Final Exit of the Disciples of Ascensia,2019,https://boxd.it/mpRC
2023-09-27,The Good Dinosaur,2015,https://boxd.it/3AD4
2023-10-21,Killers of the Flower Moon,2023,https://boxd.it/gHp0
2023-10-31,The Dirt,2019,https://boxd.it/aGN4
2023-11-02,The Boy and the Heron,2023,https://boxd.it/ipeM
2023-11-14,My Life in Pink,1997,https://boxd.it/1sx4
2023-11-19,The Holdovers,2023,https://boxd.it/vHza
2023-11-21,You Hurt My Feelings,2023,https://boxd.it/xBXu
2023-11-27,Abuk Sabuk Bir Film,1990,https://boxd.it/hnsA
2023-12-02,Critical Zone,2023,https://boxd.it/HnYy
2023-12-18,Sliding Doors,1998,https://boxd.it/1WNG
2023-12-18,Past Lives,2023,https://boxd.it/oNB8
2024-01-03,Poor Things,2023,https://boxd.it/tNWU
2024-01-04,Thirteen,2003,https://boxd.it/1UPK
2024-01-04,Borat Subsequent Moviefilm,2020,https://boxd.it/rNS0
2024-01-04,And Then We Danced,2019,https://boxd.it/m0e6
2024-01-04,Cowboy Bebop,1998,https://boxd.it/ptES
